{
    "gyeongree": {
        "channels": [
            543080901051940904,
            543103293988143105
        ],
        "last_scrape": 1550210462.619658
    },
    "hf_dreamcatcher": {
        "channels": [
            543080901051940904,
            543080901051940904,
            543103293988143105
        ],
        "last_scrape": 1549554107.751865
    },
    "miso_mmss": {
        "channels": [
            543103293988143105
        ],
        "last_scrape": 1549904462.377614
    },
    "chungha_official": {
        "channels": [
            543103293988143105
        ],
        "last_scrape": 1550228463.907651
    },
    "lalalalisa_m": {
        "channels": [
            543103293988143105
        ],
        "last_scrape": 1550314907.089442
    },
    "roses_are_rosie": {
        "channels": [
            543103293988143105
        ],
        "last_scrape": 1550217664.31611
    },
    "jennierubyjane": {
        "channels": [
            543103293988143105
        ],
        "last_scrape": 1550242866.390959
    },
    "sooyaaa__": {
        "channels": [
            543103293988143105
        ],
        "last_scrape": 1550250065.080917
    },
    "x_xellybabyx": {
        "channels": [
            543103293988143105
        ],
        "last_scrape": 1550242868.269225
    },
    "jeonghwa_0508": {
        "channels": [
            543103293988143105
        ],
        "last_scrape": 1550329360.059085
    },
    "ahnhani_92": {
        "channels": [
            543103293988143105
        ],
        "last_scrape": 1549710066.609876
    },
    "hyeliniseo": {
        "channels": [
            543103293988143105
        ],
        "last_scrape": 1550206866.681701
    },
    "official_g_i_dle": {
        "channels": [
            543103293988143105
        ],
        "last_scrape": 1550419267.756163
    },
    "exidofficial": {
        "channels": [
            543103293988143105
        ],
        "last_scrape": 1549557008.388923
    },
    "soul.g_heo": {
        "channels": [
            543103293988143105
        ],
        "last_scrape": 1550214068.08235
    },
    "sambahong": {
        "channels": [
            543103293988143105
        ],
        "last_scrape": 1550214073.219763
    },
    "gu9udan": {
        "channels": [
            543103293988143105
        ],
        "last_scrape": 1550314937.099651
    },
    "miso_official_": {
        "channels": [
            543103293988143105
        ],
        "last_scrape": 1550339891.544635
    }
}