{
    "gyeongree": {
        "channels": [
            543080901051940904
        ],
        "last_scrape": 1549550985.419328
    },
    "hf_dreamcatcher": {
        "channels": [
            543080901051940904,
            543080901051940904
        ],
        "last_scrape": 1549554107.751865
    }
}