{
    "itzyphotocard": {
        "channels": [
            546745534224793621
        ],
        "last_scrape": 1550424970.554572
    },
    "gugudanphotocard": {
        "channels": [
            546745534224793621
        ],
        "last_scrape": 1550425002.994637
    },
    "kpopsell": {
        "channels": [
            546745534224793621
        ],
        "last_scrape": 1550425105.399747
    }
}